customer_id,first_name,last_name,email,country,registration_date
1,Erich,Rich,vel.sapien@aol.com,South Africa,2022-1-6
2,Madison,Bell,pulvinar@hotmail.net,Chile,2023-12-21
3,Sheila,Murray,tempor.augue@outlook.com,Nigeria,2024-10-12
4,Hope,Alexander,mauris@yahoo.edu,Mexico,2024-7-25
5,Eugenia,Berger,euismod@hotmail.org,Mexico,2022-8-25
6,Kirsten,Castillo,velit.cras@outlook.org,Ukraine,2020-7-15
7,Hu,Morrow,rutrum.fusce@yahoo.ca,Netherlands,2021-5-3
8,Madaline,Bryan,erat.vel@outlook.com,France,2024-4-17
9,Blythe,Rodriquez,ac@icloud.net,United Kingdom,2020-9-15
10,Melodie,Humphrey,ut.nulla.cras@google.org,Singapore,2024-11-9
11,Brielle,Alford,lobortis.class.aptent@icloud.net,France,2021-1-30
12,Conan,Mcgee,ligula.elit@aol.org,Turkey,2020-10-17
13,Yuli,Howard,orci@google.ca,India,2020-9-15
14,Debra,Fulton,magna.et@icloud.ca,Sweden,2021-7-4
15,Jin,Mcdonald,ac.turpis.egestas@google.net,Singapore,2022-2-1
16,Valentine,Kramer,risus@google.edu,Chile,2022-11-21
17,Leslie,Contreras,sodales@protonmail.edu,Vietnam,2024-3-8
18,Mariko,Kirk,sit.amet.faucibus@aol.com,Colombia,2022-12-29
19,Jamal,Blackwell,ornare.in@yahoo.couk,Peru,2022-6-27
20,Wang,Woods,sit.amet.ultricies@hotmail.couk,Peru,2022-12-21
21,Harper,Brennan,tempus.mauris@google.org,Norway,2021-8-21
22,Jack,Daniel,vitae.aliquam@icloud.org,Germany,2024-4-5
23,Sylvia,Knox,quam.elementum@icloud.ca,Poland,2020-1-22
24,Elizabeth,Bonner,justo.proin@protonmail.org,Ireland,2021-12-4
25,Lucy,Wilkinson,arcu@google.couk,South Africa,2021-5-25
26,Thomas,Garcia,amet@hotmail.couk,Ireland,2021-12-16
27,Logan,Wheeler,at.arcu@icloud.com,Italy,2023-2-23
28,Elaine,Sellers,amet.diam@outlook.couk,Russian Federation,2020-2-24
29,Jael,Harrell,sapien.imperdiet@protonmail.ca,Sweden,2021-10-2
30,Rahim,French,eu@google.couk,Mexico,2020-2-18
31,Latifah,Mann,arcu.et@outlook.org,Belgium,2023-4-8
32,Haviva,Carlson,a.tortor@hotmail.com,Austria,2024-8-11
33,Eve,Stevens,porta@google.com,Australia,2024-9-7
34,Aristotle,Cote,justo.sit@outlook.com,Chile,2023-2-5
35,Clayton,Hodges,iaculis.nec.eleifend@protonmail.net,Mexico,2024-4-5
36,Dana,Dean,mattis.semper@hotmail.ca,India,2024-2-21
37,Shad,Tucker,felis.nulla@google.net,Norway,2020-7-29
38,Hadley,Gross,quis.massa@outlook.couk,Peru,2021-3-15
39,Margaret,Williamson,diam.eu.dolor@protonmail.edu,Austria,2020-10-23
40,Rina,Mcneil,vestibulum@google.org,Peru,2023-3-7
41,Kylee,Montgomery,nunc.ac@google.org,United States,2020-2-19
42,Audrey,Norton,sed@icloud.com,Italy,2020-1-16
43,TaShya,Larsen,enim@aol.ca,South Africa,2022-10-14
44,Nyssa,Mitchell,mauris.sagittis.placerat@outlook.couk,France,2024-7-27
45,Sigourney,Haney,placerat@outlook.edu,South Korea,2024-9-13
46,Declan,Perez,nam.tempor@hotmail.net,South Korea,2023-1-12
47,Justine,Ward,elementum.lorem@yahoo.com,Pakistan,2023-5-3
48,Maite,Haley,vestibulum.massa@outlook.couk,Russian Federation,2021-8-9
49,Amela,Singleton,dolor@outlook.com,Peru,2023-10-3
50,Kirk,Avery,quisque.imperdiet@icloud.couk,Norway,2024-12-25
51,Teegan,Whitfield,vitae.risus@icloud.org,Nigeria,2023-9-5
52,Burton,Maddox,in.faucibus@icloud.org,Russian Federation,2020-10-4
53,Tobias,Gay,maecenas@icloud.org,Netherlands,2024-3-24
54,Laith,Fry,arcu.aliquam.ultrices@hotmail.com,South Africa,2020-5-12
55,Catherine,Atkinson,eget.massa@yahoo.couk,Austria,2020-4-17
56,Abigail,Mcgowan,nam.interdum@outlook.org,Vietnam,2020-10-14
57,Azalia,Bean,nec.luctus.felis@hotmail.net,South Africa,2021-10-21
58,Priscilla,Chavez,sit.amet.ornare@google.couk,Spain,2023-3-2
59,Nerea,Blevins,nulla.donec.non@outlook.org,Ireland,2020-7-30
60,Lysandra,Meyer,a@icloud.ca,Pakistan,2022-6-29
61,Aquila,Barron,orci.luctus.et@hotmail.org,Nigeria,2023-10-15
62,Brenden,Hill,semper@icloud.com,Costa Rica,2023-8-8
63,Kennan,Malone,lacus.varius@protonmail.net,Singapore,2024-6-15
64,Rhona,Hayes,amet@protonmail.com,Germany,2022-2-13
65,Matthew,Walls,arcu@hotmail.com,Norway,2021-10-17
66,Jada,Welch,praesent.interdum@outlook.net,Costa Rica,2024-12-31
67,Bell,Baird,vulputate.mauris@icloud.edu,Philippines,2020-10-25
68,Malik,Harper,metus.in@outlook.couk,Pakistan,2021-10-16
69,Fletcher,Neal,lorem.eu.metus@yahoo.edu,Indonesia,2021-8-27
70,Bell,Sandoval,pellentesque.massa@hotmail.org,Vietnam,2020-9-20
71,Honorato,Wagner,arcu@outlook.net,Russian Federation,2023-7-30
72,Nigel,Pickett,eleifend.vitae@protonmail.org,Poland,2024-3-20
73,Helen,Nguyen,sed.eu.eros@hotmail.edu,Norway,2024-5-29
74,Ciaran,Rosario,euismod.in.dolor@icloud.ca,Netherlands,2022-4-20
75,Jacqueline,Nolan,a.mi.fringilla@google.ca,New Zealand,2021-8-3
76,Nadine,Fitzgerald,iaculis.quis.pede@google.com,Italy,2022-8-5
77,Odessa,Sharpe,non@icloud.ca,India,2020-12-12
78,Kennedy,Pacheco,in.scelerisque.scelerisque@icloud.ca,Singapore,2022-9-20
79,Oscar,Mcmillan,dis@icloud.net,Chile,2020-1-21
80,Wendy,Wilkinson,quam.elementum@google.com,Nigeria,2020-10-25
81,Illana,West,a@google.ca,Germany,2023-12-29
82,Candice,Sears,facilisi.sed@protonmail.net,United States,2024-9-3
83,Francis,Newton,mi.aliquam.gravida@yahoo.edu,Vietnam,2022-6-26
84,Preston,Spence,dolor.dolor@hotmail.net,France,2024-11-18
85,Inga,Middleton,sollicitudin.a.malesuada@google.com,Ukraine,2021-3-17
86,Garrett,Dale,proin.sed@google.edu,France,2023-11-29
87,Burke,Brewer,dictum.augue@icloud.edu,United Kingdom,2020-1-30
88,Graham,Ward,diam.eu@yahoo.org,Canada,2020-11-25
89,Guy,Sloan,velit.quisque.varius@hotmail.org,New Zealand,2022-10-24
90,Whitney,Phelps,ut.nec.urna@yahoo.couk,Pakistan,2024-7-11
91,Reed,Davidson,eget.varius@icloud.org,Nigeria,2022-4-12
92,Wanda,Guy,dignissim.lacus.aliquam@yahoo.ca,Germany,2020-12-14
93,Armando,Jacobs,ullamcorper@protonmail.com,Canada,2022-1-4
94,Harding,Clay,nulla.semper.tellus@aol.edu,Australia,2024-8-2
95,Hashim,Burton,quam.curabitur@protonmail.edu,South Africa,2021-7-27
96,Allegra,Barrera,maecenas.libero.est@hotmail.com,Norway,2021-9-24
97,Curran,Jackson,placerat@aol.edu,Indonesia,2020-8-2
98,Jolie,Burch,malesuada.ut@protonmail.ca,New Zealand,2022-1-12
99,Quinlan,Salinas,vitae.sodales.at@yahoo.net,Mexico,2021-9-12
100,Rachel,Merritt,vel.turpis@outlook.ca,Italy,2020-8-23
101,Barry,Blankenship,mauris@icloud.couk,Brazil,2024-1-3
102,Julie,Bryan,in@aol.org,South Africa,2024-9-14
103,Lana,Compton,diam.dictum@outlook.ca,Pakistan,2020-5-13
104,Petra,Bentley,integer@yahoo.ca,Colombia,2021-5-17
105,Carson,George,vitae.diam@outlook.edu,Australia,2020-11-30
106,Fletcher,Castillo,ornare@hotmail.net,Norway,2020-1-3
107,Brock,David,convallis.est.vitae@outlook.couk,Australia,2020-1-3
108,Noel,Austin,et@protonmail.edu,Costa Rica,2024-9-25
109,Wallace,Dudley,magnis.dis@outlook.couk,Poland,2024-5-11
110,Shafira,Harrell,fusce.feugiat.lorem@icloud.org,Australia,2023-10-13
111,Kameko,Hopper,eu.odio.tristique@google.ca,Indonesia,2020-8-13
112,Kellie,Flowers,felis@aol.couk,South Korea,2023-8-18
113,Asher,Willis,neque.vitae@aol.net,Costa Rica,2024-6-14
114,Jena,Hartman,aenean.egestas@protonmail.net,India,2023-4-27
115,Diana,Morton,imperdiet.dictum@hotmail.net,Costa Rica,2024-4-15
116,Edward,Houston,morbi@hotmail.org,Indonesia,2022-2-6
117,Harrison,Blackwell,et@outlook.couk,Vietnam,2021-5-22
118,Samantha,Spears,natoque.penatibus@yahoo.edu,Ukraine,2023-10-11
119,Flynn,Spears,magna.ut@google.org,Nigeria,2023-9-9
120,Galena,Campos,hendrerit.a@aol.org,China,2024-5-31
121,Malik,Gutierrez,dolor.dapibus@yahoo.net,Canada,2023-9-9
122,Colorado,Daugherty,et@google.ca,Netherlands,2020-5-11
123,Blaze,Tate,donec.nibh@aol.couk,Costa Rica,2023-3-3
124,Ann,Wells,nascetur.ridiculus@outlook.couk,Chile,2020-2-20
125,Eaton,Bradley,nullam.velit@yahoo.edu,Colombia,2022-6-29
126,Kaye,Collier,molestie.tortor@yahoo.com,United Kingdom,2021-2-11
127,Kylan,Pope,in.mi.pede@google.org,Singapore,2021-9-10
128,Sasha,Kirby,velit.quisque.varius@google.edu,Pakistan,2021-9-18
129,Jin,Day,quisque@icloud.com,New Zealand,2024-7-15
130,Fleur,Osborne,sed@protonmail.com,Austria,2023-10-8
131,Clementine,Gentry,a.mi@google.org,Norway,2022-8-15
132,Idola,Green,mauris.a.nunc@google.ca,India,2022-5-13
133,Lila,Dickerson,lorem.ipsum.dolor@aol.ca,Belgium,2020-5-8
134,Carson,Valenzuela,pharetra.quisque@aol.com,Peru,2023-5-29
135,Rafael,Brock,amet.massa.quisque@yahoo.couk,United States,2023-6-20
136,Haviva,Shelton,semper@aol.org,Norway,2021-9-30
137,Lunea,Deleon,auctor.ullamcorper@google.net,Poland,2023-6-12
138,Elliott,Hendricks,egestas.hendrerit@yahoo.couk,Mexico,2022-10-13
139,Sean,Noel,nisi.dictum@yahoo.couk,South Africa,2020-12-21
140,Ariana,Hansen,ipsum.suspendisse@hotmail.com,Netherlands,2023-9-18
141,Maisie,Preston,mi.lorem@google.ca,Germany,2021-8-31
142,Phelan,Fulton,non.lobortis.quis@yahoo.couk,Turkey,2023-8-8
143,Noble,Carlson,non.justo.proin@google.ca,Germany,2022-12-25
144,Ishmael,Ray,suscipit@outlook.org,Peru,2021-1-1
145,Wynter,Marsh,sagittis.placerat.cras@yahoo.ca,South Africa,2023-3-22
146,Caesar,Vega,inceptos.hymenaeos@google.couk,Pakistan,2022-10-29
147,Catherine,Hebert,ipsum.non.arcu@google.ca,Australia,2023-3-18
148,Quamar,Chase,dui.in@aol.net,Canada,2021-12-15
149,Elmo,Adams,metus.urna.convallis@hotmail.ca,Ukraine,2023-7-19
150,Brielle,Roth,nam@aol.edu,Canada,2024-12-12
151,Allistair,Butler,in.lobortis@hotmail.org,Belgium,2021-10-18
152,Renee,Chen,luctus@outlook.ca,Austria,2020-5-1
153,Skyler,Cabrera,aliquam@protonmail.net,Philippines,2020-6-29
154,Lillith,Cruz,a@yahoo.org,France,2024-2-11
155,Astra,Stevenson,non.egestas@yahoo.org,Pakistan,2020-7-24
156,Bell,Cain,massa@google.net,Belgium,2020-11-25
157,Anjolie,Whitfield,laoreet.ipsum@google.org,Austria,2024-4-10
158,Paki,Harrell,eu.tellus@aol.com,Mexico,2023-1-30
159,Charde,Hurley,nec.euismod@protonmail.org,Ireland,2022-6-25
160,Gil,Valentine,amet.metus.aliquam@protonmail.org,Chile,2021-12-28
161,Abigail,Ferrell,sit@aol.org,Mexico,2020-7-9
162,Rana,Terry,elit@yahoo.edu,Singapore,2021-11-24
163,Jin,Reyes,suspendisse.dui.fusce@icloud.ca,South Korea,2023-11-14
164,Steel,Stafford,ac.turpis.egestas@protonmail.ca,Belgium,2020-9-24
165,Rana,Bowen,ante.dictum@outlook.ca,Costa Rica,2022-7-3
166,Quintessa,Gomez,placerat@protonmail.edu,Austria,2024-4-29
167,Yeo,Foley,parturient.montes@hotmail.edu,Peru,2023-10-6
168,Scarlett,Becker,molestie.tellus@outlook.ca,Philippines,2022-1-11
169,Magee,Gentry,urna.convallis@protonmail.edu,Netherlands,2021-6-7
170,Solomon,Vincent,aliquam.rutrum@aol.edu,India,2024-9-13
171,Kim,Mullins,ante.blandit.viverra@yahoo.edu,United States,2022-4-28
172,Omar,Hopper,quisque.purus.sapien@aol.com,New Zealand,2021-6-17
173,Jocelyn,Hughes,ante@yahoo.ca,China,2022-12-10
174,Martin,Hansen,adipiscing@yahoo.ca,Ukraine,2023-7-7
175,Aspen,Fitzgerald,mi@google.net,Philippines,2022-7-2
176,Rhona,Dejesus,dolor.elit.pellentesque@yahoo.ca,United States,2023-9-6
177,Ora,Bishop,pede@hotmail.couk,Australia,2020-2-7
178,Scott,Moran,malesuada.fringilla@yahoo.net,Brazil,2023-9-20
179,Deanna,Slater,mattis.velit.justo@aol.com,Norway,2024-3-24
180,Ezra,Hester,imperdiet.erat@hotmail.couk,Australia,2024-5-9
181,Quinn,Hester,mauris@hotmail.couk,Norway,2023-7-27
182,Raphael,Cannon,gravida.non@hotmail.com,Mexico,2022-4-30
183,Allegra,Mccarty,donec.est.nunc@icloud.org,United States,2024-9-28
184,Price,Sherman,lacinia.orci@outlook.ca,Indonesia,2022-9-5
185,Yeo,Gaines,feugiat.metus@google.ca,Netherlands,2023-1-10
186,Imelda,Booth,erat@hotmail.couk,Brazil,2024-1-6
187,Karyn,Morin,luctus.curabitur@google.com,Belgium,2022-5-30
188,Hedwig,Allison,accumsan.interdum.libero@google.net,Singapore,2023-8-3
189,Lael,Livingston,purus.in@google.edu,India,2020-4-4
190,Colby,Romero,placerat.augue@yahoo.org,Spain,2023-5-17
191,Reagan,Morton,ac@icloud.org,New Zealand,2021-12-9
192,Cheryl,Key,nec@outlook.couk,Vietnam,2021-1-3
193,Jarrod,Moore,nec.mollis@yahoo.net,United Kingdom,2021-3-15
194,Graiden,Freeman,ut.erat@protonmail.net,Chile,2024-3-13
195,Jonas,Mayo,neque@yahoo.com,Costa Rica,2023-9-25
196,Leroy,Chambers,mus.aenean@protonmail.org,Brazil,2022-1-22
197,Kirsten,Hardin,semper.dui@google.couk,Peru,2022-9-12
198,Megan,Kane,vitae@yahoo.net,China,2020-9-27
199,Valentine,Parker,leo.cras.vehicula@hotmail.ca,United Kingdom,2022-6-22
200,Rafael,Stout,adipiscing.fringilla@aol.ca,Singapore,2023-7-7
